character,comment_ids
Monkey D. Luffy,"jbyn8et,jbyn7af,jbymyhc,jbylrrc,jbylmjv,jbylgbz,jbyjlcd,jbyi7vr,jbyhmwt,jbyfwza,jbyfwuj,jbyf42h,jcuuhxg,jcuu4ie,jcuu0wn,jcupsza,jcunb7q,jdrzhat,jdryu1t,jdrxu6p,jdrv66z,jdruzeq,jdrumbc,jdrufmv,jeozm0g,jeoz80q,jeoy1ty,jeoxiqf,jeote0m,jeorv8i,jflrcia,jflqkz4,jflqfka,jfloqz4,jfloqz4,jflnnpf,jflni2r,jgil7k6,jgifd0w,jgi8hrl,jgi83la,jghz0f9,jhfdw6g,jhfdqwb,jhfd8r0,jhfd3oz,jhfc0rg,jhfbxwl,jhfahai,jhf9zgj,jhf9wwe,jhf9tff,jhf9kzn,jic8fed,jic8aq3,jic81uu,jic7r8h,jic7r8h,jic7n7p,jic7n7p,jic3yk4,jic3s8y,jic3m88,jibzw2x,jj8ro7a,jj8r6z5,jj8pe7x,jk5dsyy,jk5diz7,jk5cpie,jk5cp4b,jk5c18q,jk5as74,jk57lss,jk573xp,jk56aw8,jk5473r,jk5473r,jk53tj2,jl291nb,jl28zkk,jl26sqb,jl26fme,jl263ll,jlz73rw,jlz6uoj,jlz6kpe,jlz3bsz,jlz2wtl,jmwa13y,jmw9eiz,jmw7okf,jmw51zj,jmw4hdw,jnt8170,jnt7agi,jnt52ef,jom6ovf,jom5u6r,jphxrk8,jphxiyy,jphwv4z,jphus3r,jphu7q2,jphu6df,jqeuu45,jqetl7x,jqetj62,jqes86o,jrb46k2,jrb3avl,jrb0ejm,jrazq4u,jraziaw,jraz2dp,jraxerb,js82xc2,js82x1h,js827uq,js81qtz,js7zhil,jt5lkgq,jt5kz1a,jt5k4vw,jt5jajx,jt5i5vo,jt5i0jt,jt5g831,jt5fqu7,jt5fj3h,jt5e2zr,ju3vcr6,ju3pya1,ju3p6j4,ju3opry,ju3ny00,jv2c86g,jv2b34q,jv2avp4,jv2at88,jv291bv,jv28gor,jv27rv1,jw1f200,jw1ew7o,jw1e2mf,jw1dapt,jw1d7ch,jw19fp9,jw18qfb,jw18lra,jw18khi,jw17nhf,jw16lsq,jx140m9,jxzqgi2,jxzq1tn,jxzphrt,jxzpcj6,jxzogn5,jxzocyc,jyzhlet,jyzhc33,jyzgr77,jyzfxtz,jyze40t,jyzcxif,jyzccld,k001rh7,k0013rl,jzzw83q,jzzvb9r,jzztngr,k10tuvc,k10tpu6,k10s9kn,k10rrtx,k10rl5f,k10r696,k10qa5o,k10pilc,k10o25r,k10n6w2,k10m30z,k10khtz,k213lwd,k2103vc,k20vzkz,k31bc7m,k318nhx,k315jzc,k50hihr,k50fzi1,k50fc00,k50b7cs,k509ozk,k508tro,k508g4w,k6047w1,k602x1w,k6zkdbn,k6zgsds,k6zglra,k6zfz36,k6zfyiq,k6zbesm,k7yqe9x,k8yhx97,k8ygvn3,k8yfmlf,k9x519i,k9x3jh8,k9x1kt0,k9x17rm,k9x03z7,k9wuet0,kavbm3n,kavbaq1,kav8srm,kav61p2,kbuj9ri,kbuefsn,kbubi3o,kbu9z3l,kbu8var,kcsmunq,kcsmr1q,kcsmnxx,kcslgu3,kcsii7b,kcsg78l,kdscsj9,kds8jd0,kdrqqkl,kdroh46,kert3wd,kersl92,kerrwm5,kerrvj3,kerrn6t,kerqxja,kerqj2n,kerq4sb,kern1g5,kfqf4ub,kfqetwu,kfqeql7,kfqdr3d,kfqdmlm,kfqcc3i,kfqae5m,kfq80zn,kfq5odi,kfq49wo,kfq3l35,kfq0xcu,kgrnpvi,kgrmehx,kgrmdo5,kgrkbhd,kgrh4jm,kgrgcg2,kgrfz7o,khuixjy,khui7a2,khuhxf3,kixcjrn,kix6aye,kix5f5p,kix53as,kix45yy,kjzhj5c,kjzetav,kjzepq4,kjzc707,kowxynu,kowv70b,kpyy4gh,kpyxsop,kpyw865,kpyw6jl,kpyveyq,kpyv1ve,kpyu0on,kpys8su,kpyro8k,kpypxf4,kr0zuya,kr0yfhc,kr0vnzw,kr0v7mk,kr0v1bd,kr0u5fp,kr0u22n,kr0tgp2,kr0tc0h,kr0t18y,kr0stnk,kr0rr6n,kr0rpsl,kr0ri5l,kr0p71d,ks3lk33,ks3kgcr,ks3gull,ks3g0c1,ks3elb4,kt6miiw,kt6mgx3,kt6l8nn,ku98x82,ku96rl5,ku96j5u,ku938iu,ku92oyx,ku92fio,ku91jen,ku915aq,kvbjj97,kvbfwaf,kvbfo6g,kvbf9s2,kvbcsls,kvbcrqs,kvb8b9i,kwdliqr,kwdkbq7,kwdhjjb,kwdhdaz,kwdfubi,kwdfhzv,kwdezpe,kwdep06,kwdeel0,kxfpzgy,kxfp1q5,kxfojo7,kxfm99h,kxflppl,kxfi074,kxfc17r,kyiao7q,kyi9tmt,kyi7dxe,kyi5vil,kyi5nh8,kyi4j8c,kyi44he,kyi40qr,kyi26up,kyhzlx0,kyhzjy0,kyhz5lb,kyhyz7u,kzkd7un,kzkc0fj,kzk98km,lirb645,lira8n7,lir79ck,liqqdxg,ljwc9wx,ljwbzzt,ljwbw45,ljwab4f,ljwa55a,ljw9bro,ljw9bc7,ljw8nuo,ljw76rd,ljw71wl,ll15vtr,ll15ay5,ll14u6v,ll12hav,ll117sr,ll10mj8,lm5rrih,lm5qxa7,lm5q375,lm5ppia,lm5o28u,lm5nimc,lm5knbe,lm5iud6,lm5i1o8,lnakdgg,lnak03e,lnajssl,lnai2b9,lnaemad,lnad2ec,lnaavat,loemisg,loek07o,lpj96wl,lpj7d5x,lpj41p4,lpj0wto,lpizaov,lqns7o3,lqno7sd,lqnntjp,lqnkvpx,lqnjjsa,lqnhctj,lqnexh7,lqndx7l,lrrglzl,lrrcg4w,lrrb68d,lrrajfe,lrr8pbm,lsvxd01,lsvwjki,lsvwbtu,lsvvb6b,lsvq5yr,lu1yrl7,lu1rawj,lu1qm8t,lv81otg,lv81ok7,lv7y133,lv7shuw,lwgdf1o,lwgdcrn,lwgd73y,lwgcx2j,lwgcsj8,lwgcgvn,lwgcc72,lwgb456,lwgajm3,lwga4wu,lwg9h2u,lwg9ent,lwg7uvx,lwg7pm8,lwg7m67,lwg6x5d,lxmnml3,lys72bz,lys6v4g,lys6fqs,lys65w3,lys62k4,lys5be1,lys3xwb,lys3avt,lys341q,lys2x28,lys2j3e,lys0lvy,lzwuiaq,lzwuhnr,lzws4vl,lzwrsf9,lzwmcf0,lzwkumj,m12n4gi,m12mslu,m12mb0q,m12m8p1,m12m3dv,m12m1wf,m12le6d,m12l4yz,m12k5oq,m12jysy,m12jj2p,m12irkn,m12hu0u,m12hsu9,m12hlx5,m12h17s,m12h05f,m12gxah,m12gqd2,m12gnbz,m12fqsf,m12fkpu,m12evw6,m12ekg3,m27cgr2,m27ccdo,m27870k,m27137p,m3blwp0,m3biqn7,m3bh5st,m3bh4i2,m3bemv9,m4e6hoc,m5kdplo,m5kb8dx,m5ka5sn,m5k7aod,m5k6vod,m5k4x6w,m6sehci,m6sdnxj,m6sdcqv,m6sbygo,m6sami2,m6s7hdu,m6s6zd2,m6s6qlz,m6s6834,m6s60zn,m6s4pm4,m811vc2,m80ys0r,m80y49k,m80tfl8,m80sv6u,m80i7hk,m9ba391,m9b9kvz,m9b9j0g,m9b8til,m9b7xh1,m9b6eus,m9b5q9n,m9b4a4o,m9b48t2,m9b48wf,m9b46b3,m9b3z9c,m9b3qik,m9b2dmf,m9b1skh,m9b15d6,m9b0b7v,m9azoy1,m9azenv,m9az8bf,m9ayz4w,malofqf,malnf04,malmsg8,malit39,malit2f,malhz36,malh90p,malh41e,malfnx1,malfini,malekj4,maldyu1,mbvr9bm,mbvqfr0,mbvq425,mbvmprj,mbvli60,mbvl2ky,md49s8c,md42zsa,md42eqe,md4159b,md3xpau,md3vwen,md3vhwv,medx2r8,medtrw1,mfngw77,mfngl2j,mfnensg,mfndmc6,mfn5i4q,mgwbkfh,mgw8ozk,mgw8ei8,mgw6n2f,mgw67j4,mgw4p6z,mgw39n3,mgw1r6g,mgw1n27,mgvztxt"
Charlotte Katakuri,"jbyn8et,jbykvv9,jeote0m,jgil79w,jgil48b,jgij03g,jgicvuu,jhfd72u,jl29n09,jl27k4c,jl263ll,jl25zcg,jnt5m4s,jnt4s1w,jqes8y0,js827uq,jxzq1tn,k10psg5,k40uldm,k40ts45,kavbaq1,kav8srm,kdrqqkl,kixcjrn,kix5f5p,kpys8su,kpyrhjf,ku92zg9,kvbj73j,kwdjqzb,lirb645,liqmy92,lpj7d5x,lv81upn,lwg8gys,lxmpmnn,mfn89q2"
King,"jbyn7af,jbykvv9,jbyhmwt,jcuukm1,jcuufy0,jdrvlxr,jdrumbc,jflqrj5,jflqrj5,jflox6o,jflo21z,jflnyfw,jflni2r,jflmrsz,jgil79w,jgijxv8,jgi7gme,jhfadxj,jic3yk4,jibzzx8,jk58het,jk55uhi,jl29po8,jl29n09,jl29hij,jl298nw,jl293tl,jl28zkk,jl27sv3,jl27r2l,jl27k4c,jl26o1b,jl25zcg,jlz6uoj,jlz3v23,jmw5s8z,jnt95v7,jnt80f7,jnt6z75,jphy310,jphxkkj,js80fg2,ju3szxf,jw1ew7o,jw1asg3,jw1ajck,jw19eps,jxzrlgp,jxzq1tn,jxzodwe,jyzcxif,k003t13,k20yvgc,k315ghj,k40x8ag,k600cfq,k5zxrv6,k5zxned,k5zxgl5,k5zwi86,k7yomn1,k7yn917,k7yl7e7,k8ykbbx,k9wvhtz,k9wtc6d,kbufms0,kbuatgv,kcsnqs6,kcshqm6,kerrwm5,kix46ld,kix3xdy,kjzfrs9,kpyypyh,kr0y4yx,kr0t18y,kr0ri5l,ks3fk5j,ku96j5u,ku96erz,kvbfogw,kwdm038,kwdldag,kwdkbq7,ll0z6s4,lqnjrxt,lrr9lj9,lrr7y5p,lrr7oro,lsvwibt,lsvtu6q,lu1xk7f,lu1s00l,lv7oxnj,lv7nl4r,lzwm7xx,m12j5zh,m12hctz,m12e3bx,m4e4p18,m6seqx1,m6sb9i7,malekj4,md48v1c,mfngvfp,mfn61em,mgw39n3"
Trafalgar D. Water Law,"jbymr53,jbymbz8,jbyl00j,jbyhmwt,jbyh3ex,jbygzkl,jbygfz9,jbyfzra,jbyewpe,jbyewkr,jbydoop,jds0d3h,jdryoi9,jdrydi9,jdrxe2h,jdrx4dw,jdrwkoj,jdrw90h,jdrvr19,jdruq7c,jeoykh7,jeoxiqf,jeowjxq,jeov5ky,jeoujdc,jeoskz5,jgil7k6,jgikvuy,jgikqhb,jgikm0i,jgi7o3c,jgi4mcz,jghyphf,jhf9kzn,jic5wsh,jibzxu2,jk5bkne,jk58qwg,jk55uhi,jl26nsk,jom403l,jphyllu,jphy5vv,jphxrk8,jphxiyy,jphwv4z,jphvxru,jphvbvi,jphunvm,jphud54,jphu4up,jphtxd4,js7zhil,jt5ls4a,jt5kjed,jv275yc,jx14njh,jyzcxif,jzzsdze,k20zyx6,k20zmc1,k31bhh5,k318vfn,k317en8,k315jzc,k31594q,k50bplx,k6018r3,k9wwv5w,kcsmnxx,kgribjb,kjzljq7,kjzcagl,kpyy37f,kpyx47w,kpyw7uw,kpyveyq,kpyswpc,kr0u8ur,kxfptk5,liqohch,ljw9bro,ll12hav,lm5nimc,lm5h09g,lu1uejo,lv81kkj,lzws4vl,m12mb0q,m12le6d,m12fmu6,m27753d,m275z00,maldmk9,mbvtc92,md41qar,md3yb81,md3xgph,medyhbt,mfn7msj"
Akainu,"jbylxhk,jbyi7vr,jdrujkc,jflrcia,jflps31,jflp7sp,jflounn,jflmrsz,jflme9g,jj8qljs,jj8piyt,jj8pe0t,jj8p5v2,jj8o6x1,jj8nzte,jmw8vie,jmw8hcq,jmw823e,jmw585r,jnt9rk0,jphxfiq,jphv5hl,jqetl7x,jrb69xv,jraxln9,js842bx,js82wwk,js81f9g,jt5gouf,ju3sken,jv287wd,jx122qf,jzzvep2,jzztqnt,jzzt047,k10s9kn,k10rl5f,k10qgjr,k10o8f8,k10kugf,k21058q,k20yabc,k20xbk2,k20vzkz,k20vuor,k315ghj,k602x1w,k5zxrv6,k5zt8zh,k6z97o2,k8yhx97,kbukwjd,kbukja4,kbukap0,kbui3ga,kerqj2n,kfq0bzt,kix8lls,kix67w6,kjzg4qb,kowv7vs,kowuwvj,kowoftd,kpyrpz0,kpyrhjf,ks3n3g3,ks3lk33,ku94qll,ku92nwg,kvbj73j,kyi7o7d,kyi4uy9,lirb19e,liqo89y,ljwdjcb,ll10mj8,lm5qnj8,lrrdo0s,lsvvb6b,lsvuiw9,lu1xlrs,lu1o2kr,lv7zixg,lwgcyfn,lys36ix,lzwuhnr,lzwnrdi,lzwkumj,lzwkr7z,lzwidsz,m3bfbzp,m4e73o1,m5k8qnf,m5k80sy,m5k6e9x,m5k6cbb,mbvnfcc,md410a7,medusis"
Bartolomeo,"jbylxhk,m4e56bg"
Roronoa Zoro,"jbylpbm,jbylmjv,jbyha4v,jcurhij,jds0oll,jdrxym8,jdrxe2h,jdrvroq,jdrvj29,jdrutwo,jeov56n,jeotimz,jeote0m,jflox6o,jflo21z,jgijjmm,jgifd0w,jgi83la,jgi7tmz,jgi294x,jhfbpz4,jhfa3qn,jhf9e6h,jic5ee3,jic2vbr,jic15fe,jic0yhu,jj8o6j9,jk58qwg,jk573xp,jk55uhi,jk53tj2,jl29po8,jl29pgf,jl29961,jl298nw,jl28zkk,jl28rsz,jl28piw,jl28piw,jl28eu9,jl27xz5,jl27r2l,jl26o1b,jl26nsk,jl26fme,jl263ll,jlz6uoj,jlz2wtl,jmw8wib,jmw5s8z,jntaux9,jntaaw0,jnta6ge,jnt8170,jnt6z75,jom7kh5,jom7f9l,jom6vek,jom3b6b,jphy5vv,jphxe32,jphwiuc,jqex1qa,jrayvqn,jraxerb,js7zaf1,js7z2it,jt5jk61,jt5i5vo,ju3rnkv,jv2bvz6,jv29nm1,jv291bv,jw1ew7o,jw18glz,jx14es1,jx14e9o,jxzt03q,jxzskkd,jxzscqb,jxzs8hb,jxzs313,jxzs2y7,jxzrvyz,jxzrlgp,jxzrhv5,jxzr3qh,jxzr14r,jxzqmaj,jxzqjra,jxzqj1m,jxzq1tn,jxzpkwt,jxzpjfv,jxzpa78,jxzosv5,jxzodwe,jxzocyc,jyzjbk3,jyzhlet,jyzcxif,k0041q1,jzzzvcj,k10m30z,k213hza,k210nzu,k20zmc1,k31bc7m,k3177qd,k40w8er,k40w7ix,k40txfp,k40towx,k50dors,k600n2z,k6zglra,k6zfyiq,k6z9zbz,k8yk2o0,k8yhfxz,k9wtcwu,kavbm3n,kav93b9,kav8srm,kcspagq,kcsogm6,kcsn70d,kcslgu3,kcsii7b,kcshbn0,kcsg78l,kdsbnje,kdrv354,kerrwm5,kerq4sb,kern1n0,kerjpr8,kfqe4pv,kfq96w5,kfq45x8,kgrmzp1,khuhxf3,khug5i8,kixckpm,kixcghd,kixc3p3,kix9j1f,kix9bxy,kix6aye,kix5w1j,kix53as,kix4lig,kix46ld,kix45yy,kjzetny,kjzepq4,kjzd63j,kowywfr,kpyx7fc,kpyw9ho,kr102m6,kr0z9rm,kr0ymsb,kr0tc0h,kr0t18y,kr0ri5l,ks3s4iw,ks3rflg,ks3pbxx,ks3fk5j,ku96fms,ku91jen,ku915aq,ku90f01,kvbj367,kvbi43h,kvbfwaf,kvbfogw,kvbfc80,kvbezt0,kvbc5zb,kvbc1iu,kvba808,kvb8zkg,kvb8inf,kvb86wc,kxfbxew,kyiao7q,kyi9jwb,kyi40qr,kyi0er3,kzkgzcx,kzkay1s,kzk9z12,lirbfwb,lir1mtu,liqwe66,liqv0n3,liqqh9o,liqqdxg,liqpcwx,liqkbho,ljwbzzt,ljwa55a,ljw9gcy,ljw7clt,lm5rjwp,lm5nimc,lnah6z7,loeoz51,lqnjjsa,lrrayzz,lrr8pg4,lsvvmvq,lu1vvv5,lu1t6ge,lu1s9o9,lu1rskx,lu1pzp5,lu1ppe1,lu1po0b,lu1p9hi,lu1oe5b,lv81ok7,lv7yuh9,lv7y133,lv7wai5,lv7tyju,lv7s16u,lv7q7as,lv7p131,lwgdf1o,lwg8pvm,lwg7uvx,lwg6z9q,lxmly4d,lzwuiaq,m12fqsf,m3bemv9,m4e6pjt,m4e6o7y,m4e5fkw,m4e3r5z,m6seqx1,m6s97qc,m811vc2,m810ebt,m80ys0r,m80tfl8,m9b5q9n,m9b4a4o,m9b2sfb,malkujl,malekj4,mbvq425,mbvna34,mbvn6d0,mbvmprj,mbvlyau,mbvkn81,md4a8xx,md40itk,md3y0bj,md3xorl,medvmri,medu0qy,medsln8,mfngvfp,mfndnpd,mgw8ei8,mgw6ikg,mgw4i3z,mgw30b2"
Kizaru,"jbylmjv,jdrzi6r,jdrujkc,jeote0m,jhfadxj,jhf9zgj,jic6kza,jj8nzte,jk5as74,jmw4xwj,jrb6ix1,js81ytq,jt5kz1a,jt5kjed,jt5jk61,jt5idb5,jt5i0jt,ju3t0g9,jv287wd,jw1d9ar,jx0zv00,jxzskkd,jxzsdyl,jxzscqb,jxzrpdb,jxzr3qh,jxzphrt,jxzpcj6,k0013rl,k000ka5,jzzvb9r,k10ow33,k10l1z7,k10kugf,k50fzi1,k50cqzs,k50bz1y,k508tro,k6zljam,k6zkgru,k6zhnyn,k6zfyiq,k7yjop4,k8yi1ab,k9x5sa7,kavbaq1,kerpwu3,kfqetwu,kgrinfd,khuixjy,khuhxf3,kix9bxy,kix9avq,kix8lls,kix6f4a,kjzilq2,kjzhj5c,kjzetny,kjzetav,kjzd6pd,kowzaj0,kowxv5m,kowx6ym,kowv2o4,kowta3b,kowt72d,kowrg5s,kowrd4d,kowqy1k,kowo124,kr0y806,kr0u3mu,kr0rmym,ks3i6dw,ks3g0c1,kt6paub,kt6obg6,kt6mgx3,kt6lk6d,kt6l8nn,ku97jof,ku96oj6,ku96j5u,ku91c79,kvbfogw,kvbfo6g,kwdmd3b,kyibpky,kyi6c7a,kyi4uy9,kyi40qr,kyi26up,kyhyz7u,ljwe4tb,ljwdoit,ljwc9wx,ljwc1jb,ljw9bc7,ll15ay5,lm5qnj8,loekhx4,lqnexh7,lwgdcrn,lwga4wu,lwg7pnz,lwg7m67,lwg6x5d,lxml1va,lys6v4g,lys65w3,lys5be1,lzwl0oh,m12hzb3,m27753d,m9bam1r,m9b8til,m9b6ohc,md48nwu,md4680i,md4159b,md3wlqo,md3vwen,meds1tr,mfngl2j,mgw2y19,mgvzomk"
Imu,"jbyj6ej,jbyfq9f,jbyf42h,jcuuzme,jdrw90h,jdrvlxr,jgikm0i,jic83ky,jic6bdc,jj8roj0,jj8okyd,jj8o6j9,jk5c18q,jk5bvd5,jk59kgr,jk55u0w,jk53s3d,jl29kjt,jlz4vf4,jlz372e,jlz2l5m,jmwa13y,jmw9eiz,jmw9a46,jmw6nr8,jnt9w6e,jnt7euh,jqetl7x,jqetcfq,jt5ihsp,ju3u8n3,ju3qhpw,jv2b3gc,jv29iio,jw1cz4a,jw18xj0,jx17203,jx0yz6o,jyzhc33,jyzcxif,jzzwrte,k10o25r,k31clov,k507gay,k5zx49d,k5zujpp,k6zc5nf,k7ypjff,kav8srm,kav61p2,kbufb6r,kers6m0,kerraac,kgro0qe,kgrmqcn,kgrftq4,khuitdl,khughm8,kixbilv,kix9bxy,kix3xdy,kjzgvf8,kowv70b,ku98rvo,kvbgphx,kzk9olo,kzk98km,ljwdcca,ljw9b6b,ll12hav,lm5rvtj,lm5rcxp,lm5o28u,lm5ni0f,lm5juap,lm5hsxi,lm5fkol,lm5enf9,lnacsqp,lnacjxd,lnaasen,loep7zy,loep614,loelxib,loejlyj,lpj8oa2,lrr81tj,lsvtpy9,lv7sh8m,lzwki1x,m3bmbfh,m3bh7oq,m3bfbi5,m4e91u0,m4e401g,m6sekzz,m6sbkdu,m80nes3,m9b15d6,m9b14rz,mallr7l,malhvi7,malhl29,malex9n,mbvrn0v,md3wd8x,md3w5fh,medv0xc,medusis,mgw8ei8,mgw83fq"
Shiryu,"jbyiq1b,jic1n03,jqexcgr,jqex1qa,jt5icz7,kfq5odi,kfq49wo,kgrmdo5,kgrhic6,kgrfz7o,kt6lk6d,kvbfogw,kyi6x6c,liqz32z"
Kaidou,"jbyi7vr,jbyh3ex,jbygzkl,jcunb7q,jdrvlxr,jdrv5i8,jdrumbc,jeozlcf,jeoxiqf,jgijx6j,jgij49z,jgicvuu,jgi1l2i,jhfdw6g,jhfdksd,jhfd8r0,jhfd8co,jhfd3oz,jhfatbk,jhfahai,jhf9zj8,jic7r8h,jic7r8h,jic7n7p,jic7n7p,jic05rf,jj8p7se,jk5dsyy,jk5diz7,jk58qwg,jk58het,jl29n09,jl28zkk,jlz5y1g,jmw4hdw,jntafl8,jnt94mw,jnt8usy,jnt7oo8,jnt6p9f,jnt5m4s,jnt4s1w,jqetl7x,jraxln9,js83bxp,js839mo,js82x1h,js81qtz,jt5kjo7,jt5i0jt,jt5epf1,jv2c86g,jv2b34q,jx152xc,jx12m3f,jx11xi2,jxzrlgp,jxzr3qh,jxzqmaj,jxzqjra,jxzqgi2,jxzq1tn,jxzodwe,jyzeu4v,jyzcxif,k003t13,jzzzlkt,jzzwets,jzzvb9r,jzzv394,jzzsved,jzzq77u,k10s3qv,k10r696,k10khtz,k215lxb,k2103gs,k20zul6,k40qs3f,k50b7cs,k602x1w,k5zwv40,k5zt8zh,k6zksra,k6zj0f2,k6zirlx,k6zhnyn,k6zgsds,k6zfen1,k6zeyjd,k6zbfp4,k9wyzzc,kav8srm,kav28r0,kcshqm6,kcshbn0,kdrsbuc,kerthkv,kerjpr8,kfqdr3d,kgrlzxz,kgribjb,kgrhic6,kgrg53o,kgrfz7o,khuixjy,kix9583,kowwa37,kpys8su,kr102m6,kr0tc0h,kr0t18y,kt6o4no,kt6mooz,kt6maac,kt6lyb9,ku9az2x,ku97kyq,ku97jof,ku96j5u,ku93w9t,ku91c79,kvbfogw,kwdmd3b,kwdkbq7,kxfq4j1,kxfi42o,kxfi074,kxff4pv,kxfcxm8,kxfbina,kyi9jwb,kyi40qr,kyhyz7u,liqw7uj,liqip60,ljwab4f,ljw8nuo,ljw8gue,lm5mm4l,lnaft8o,lnab2ts,lpj7d5x,lpj2jt8,lpj1zg9,lpj0qq6,lpizaov,lrr8ray,lsvxd01,lsvv9q7,lsvqxox,lv7y7lj,lv7wai5,lv7shuw,lv7s16u,lwg9h2u,lxmoj45,lxmo6mf,lxml1va,lys6fk1,lys36ix,lys2j3e,lzwuyk3,m3bf27w,m9b9kvz,m9b9j0g,m9b8til,m9b5jji,m9b4a4o,m9b48wf,m9b46b3,m9b3rpu,m9b3qik,m9b2dmf,m9b15d6,m9azoy1,m9az5g8,malflrq,maldyu1,md3vhwv,mfnensg,mfndmc6,mfn6o11,mfn5s8s,mgw70fe,mgw5brr,mgw4t1m"
Stronger,"jbyi7vr,jbyh3ex,jbyfwza,jcuu4ie,jcutbye,jcurgh5,jcur80x,jcuqkhg,jcuqa5k,jcuoqpv,jds0u96,jds0pis,jdrxym8,jdrvroq,jdrutwo,jdruq7c,jeoskz5,jgij03g,jghz13p,jhfa3qn,jic1n03,jibzun1,jj8nzte,jk5diz7,jk5cc6a,jk56jpq,jl26nsk,jl25z8e,jlz3bsz,jlz2wtl,jlz2opj,jom403l,jphxrk8,jqerq13,jrb5nep,js7zisb,js7zaf1,jt5kz1a,jt5hkzd,jt5gouf,ju3uk2g,ju3sken,jv296a0,jw1e2mf,jxzscqb,jxzqgi2,jyzfkr3,jyzcxif,jzzyjt2,jzzw8v0,jzzv394,k10is7d,k20w7g5,k602x1w,k5zu58j,k6zj7sg,k9x519i,kavakk0,kav8srm,kbuisji,kcso35h,kcsl4g7,kcsfyoa,kerrn6t,kerretp,kerkuh7,kgrnpvi,kgrmdo5,kgrl6ax,khuhxf3,kix3pzu,kjzkkpk,kjzhj5c,kjzc707,kpyy37f,kpyw7uw,kpyveyq,kpyu0on,kpytcbl,kr102m6,kr0rpsl,ks3rt35,kt6obvo,kt6maac,ku9abzk,ku92zg9,ku90yif,kwdjm7n,kyi00tz,kyhzjy0,liqwe66,liqmy92,ljwdegd,ll116lw,ll0yj28,lm5qnj8,lm5ppia,lm5n1bz,lpj9exm,lpj2jt8,lpj1zg9,lqndx2f,lrr8kpr,lu1ug3r,lu1pzp5,lu1oo0w,lv81ok7,lv7y133,lys6eaf,lys0ly3,lzwop95,lzwo9uy,m12llgy,m12fuks,m80tntu,m9b8til,m9b4a4o,m9b3rpu,m9b2dmf,m9b1skh,m9b15d6,m9b0tp9,m9b0fpw,malisbs,mbvtc92,mbvol7d,mbvn6d0,mbvmlkf,mgw5q3n"
Shanks,"jbyi7vr,jbygzkl,jbyfwza,jbyechq,jbydoop,jcurf94,jcur80x,jcuqkhg,jcuqjo2,jcuqa5k,jcuoqpv,jds0u96,jds0oll,jdryspe,jdrydi9,jdrxym8,jdrxan5,jdrvroq,jdrutwo,jdruq7c,jeovlnf,jeotdkz,jeoskz5,jflqbco,jgil7k6,jgikoze,jgijoik,jgi4mcz,jhfctol,jhfalho,jic6kza,jic6gy7,jic6cs0,jic3hvn,jic2vbr,jic1t88,jic16un,jic13yn,jic0zc8,jic0mpv,jic05rf,jibzun1,jj8ranz,jj8pxxh,jj8ph9r,jj8ogtf,jj8ofez,jk5dsyy,jk58het,jk55h1o,jl27kek,jl26mps,jl263ll,jlz7hx0,jlz7cxl,jlz3hld,jlz2wtl,jnt769g,jom508b,jom403l,jphy00s,jphu6j3,jphtty6,jqeuxug,jqetl7x,jrb5pyk,jrayx2h,jraxln9,js83un7,js827uq,js7z2it,js7z10a,jt5ks8a,jt5gouf,jt5g831,jw1dapt,jw1d9ar,jw1d8kt,jw1d3ue,jyzirhq,jyzhk09,jyzcxif,jzzvb9r,jzzv1j9,k10t3ay,k10j8eg,k215tfo,k214w6i,k20zyx6,k20zul6,k318jz0,k30zonv,k50g6qi,k508tro,k601ihm,k600yjy,k600qwk,k600ifp,k6009f7,k6zksra,k6zjp18,k6zff8o,k7ynsnx,k7yn917,k7yiwdp,k8ycs1j,k8ybfc5,kavakk0,kav8srm,kbujq67,kbuisji,kbuefsn,kcspvgu,kcsogm6,kcso35h,kcsmunq,kcsk5l0,kcsfyoa,kfqdr3d,kfq49wo,kfq3l35,kgrlsw6,kgrjyc7,khugfvq,kpyv1ve,kpyuns4,kpyu81a,kpyu5je,kr0zuya,kr0yvaf,kr0uxq1,kr0q038,ks3lk33,kt6obvo,kt6mooz,kt6mo1s,kt6maac,kt6ktvk,ku97jof,ku96j5u,ku91c79,kvbfogw,kwdm31i,kwdb3rd,kyhz5lb,kyhyz7u,lirc931,lir9asb,lir0yi4,lir0265,liqypw2,liqy4oc,liqv0n3,liquqfg,liqqy3x,liqqvlm,liqqh9o,liqqel7,liqpcwx,liqp995,liqohch,liqjeff,liqjaib,liqip60,ll10mj8,ll0yuf8,lnab2ts,loep4h3,loeogos,loeo45j,loenmlu,loeldkq,loekf19,lpjac41,lpj41p4,lpj2jt8,lsvvb6b,lsvsm9k,lu1pzp5,lv7qfgu,lv7oxnj,lwgeju6,lwgd73y,lwgcx2j,lwgcsj8,lwgcgvn,lwg9h2u,lwg995f,lwg86ck,lwg7uvx,lwg7m67,lzwvbq1,lzwuyk3,lzwtocj,lzwmgix,lzwm7xx,m3bmlrx,m3bjz25,m3biik6,m3bgbu1,m3bg6kr,m6s8wk6,m80v3ld,m9b9ntj,m9b48t2,m9b413x,m9b3rpu,m9b2yhs,m9b0b7v,m9az8bf,malndpw,malhz36,malef6y,maldyu1,md40p00,md3xf4b,md3wh3u,md3vhwv,medwdgv,medv190,medu0qy,medrjrj,mfn7x05,mfn5or7"
Marshall D. Teach,"jbyi0r1,jbyfzra,jeoun8n,jflr4sr,jhfccjj,jhfbi0v,jhfbdz2,jic8uoz,jk5ag22,jmw6gh5,jom6lix,jom5rjj,jom403l,jom3hcg,jphy00s,jphxcqp,jphwv4z,jphwiuc,jphvqeq,jphv5hl,jphtv9j,jqexcgr,jqewsar,jqewpde,jqetl7x,jqetd94,jrb2vnl,js83un7,jt5kb71,jt5jxla,jt5elig,ju3r2l7,jx0xk3h,jzzwrte,jzzsgsz,k10suuf,k10qm5y,k10m30z,k215pa4,k20xq2r,k20vzkz,k50g6qi,k508g4w,k7yqoyf,k7yklgv,k7yiwdp,k8y9vg2,k9x3vyc,k9wwv5w,kcspj9w,kcsn70d,kcsklwp,kcskktm,kcskjpk,kcsg0hx,kerpplk,kfq5odi,kfq49wo,kfq3l35,kgrjyc7,kpyu81a,kpyptdi,kr0yvaf,kr0y4yx,kr0wny8,kr0u8ur,kr0qcyh,kt6mo1s,ku99c85,kvbfogw,kxfkkyh,kxfgcz7,kyi4uy9,lirb6kk,liratgk,liraf6o,liqqy3x,ljw9bro,ljw8nuo,lm5ppia,lm5p23e,lnai2b9,lnah6z7,lnad2ec,loekln8,lqngq47,lrrcj39,lv7vnnq,lwg9vz2,lys7956,lzwii8w,m3bh4i2,m3belp1,m4e4p18,m4e3to8,m9b15d6,maliyp2,malf7di,malex9n,mbvtc92,mfnensg"
Sanji,"jbyha4v,jbyezfn,jcuoqpv,jcuo0hv,jds0suh,jdrxrcv,jdrv66z,jdrus0b,jeoykh7,jeoxpc2,jeov7cj,jeotimz,jeote26,jeote0m,jflpqq5,jflox6o,jflocul,jfloc52,jflnmp4,jgi7gme,jgi294x,jhfd72u,jhfbsyf,jhfbfb9,jhf8smk,jhf8nnl,jic7jbh,jic5ee3,jk59j7n,jk55uhi,jl29po8,jl29pgf,jl28rsz,jlz4afb,jlz372e,jlz2p7n,jnta4zy,jnt8170,jqeuu45,jrb6ix1,js7z7tc,jt5i5vo,jt5hyyw,ju3t342,jv275yc,jw1asg3,jxzsiow,jyzjbk3,jyzhz0r,jyzhlet,jyzfxtz,jyzfht3,jzzzvcj,k10ow33,k20zmc1,k20xrxd,k31b0gk,k317vbc,k40u5y2,k50hgta,k5082i9,k507gay,k600n2z,k6zh33w,k6zfyiq,k6z9zbz,k7ypjff,k8yfmlf,kavblga,kav8srm,kbube9s,kds8jd0,kerse1v,kerrwm5,kerretp,kern38h,kerjpr8,kfq96w5,kgrnpvi,khuhxf3,khugbdn,kixb0c0,kix6aye,kjzklxd,kjzkjnj,kjzilq2,kjzgpoz,kjzfdfa,kpyxw74,kpyveyq,kr0z9rm,kr0ymsb,kr0t18y,kr0rmym,kr0ri5l,ks3pzyv,ks3pyr8,ks3pc4x,ks3g0c1,ks3fk5j,kt6paub,kt6oec5,kt6obvo,kt6m5ep,kt6l8nn,ku9abzk,ku96fay,ku92zg9,ku90yif,ku90f01,kvbj2eq,kvbgphx,kvbeay3,kvbc1iu,kvba808,kvb8zkg,kvb8inf,kwdjsj9,kxfo5v1,kyi40qr,kyi26up,kzkkod4,kzkjbwb,kzkhvpb,kzkhd12,kzkfkq0,kzkenne,kzkddlc,kzkclx6,kzkay1s,kzk8xzt,kzk8pnh,kzk83id,lirbfwb,ljwdcah,ljw8zkh,ll14c7p,lm5q375,lm5nimc,lm5i1o8,lnah6z7,loeoz51,lpj96wl,lpj4kuz,lpj38sz,lqnkvpx,lrreaep,lsvulcq,lu1qm8t,lv81r89,lv81otg,lv80dwm,lv7rj23,lxmttgm,lxmtf55,lxmr4ru,lxmlhus,lxmjvjx,lzwsy1f,m12hsjp,m12fc2m,m12evw6,m4e5juv,m4e3gr9,m811x0n,m80wzum,m80u4wi,m80i7hk,m9bam1r,m9b89v0,m9b88je,m9b4a4o,malj2kv,mbvsps0,mbvqq5z,mbvna34,mbvmprj,mbvlyau,mbvkn81,md3xorl,medx2r8,medsln8,mfndnpd,mgw8x3d,mgw4r77,mgw4i3z,mgw3z3l,mgw1n27,mgw1mdq"
Nami,"jbyh3ex,jgiidip,jnta4ej,ju3slqy,ju3qhpw,jw18z68,jw18glz,jx0yu7u,jyzhlet,k20zmc1,k318isa,k50d8v3,k509duk,k508j7t,k508g4w,k7yomn1,k9wwbeo,kbuewed,kdroh46,kerrwm5,kerll0p,kerjpr8,kfq9kaq,khui03a,kix6aye,ks3rmnv,ks3j3ab,ku97vsc,kxflyn5,kxfjby5,kxff3tb,kzkkod4,kzkjbwb,kzkifwo,kzkfkq0,kzkf4wp,kzke7fu,kzkddlc,kzkcvx9,kzkay1s,lm5ppia,lm5i1o8,lm5elsn,lnakeol,lnak03e,lnaeoar,loempsr,loekln8,lpj96wl,lsvwi9d,lsvru98,lsvqgxd,lu1rawj,lu1r5rj,lv81otg,lwgdcrn,lwgd1zz,lwgccbk,lwga4wu,lwga2ct,lzwgzk9,m12hsjp,m27753d,m275z00,m6scm5v,m6s6h93,m811vc2,m80u3mz,m80tfl8,m9b9jef,m9b40k8,mbvq425,medxuff,medx2bl,medvflw,meduqj6,medrdmo,mfndnpd,mgw4r77,mgw1n27"
Portgas D. Ace,"jbyfzra,jbydoop,jdruq7c,jflps31,jhfd72u,jhfbo46,jhfbdz2,jhfb9wb,jj8pnrz,jk59ryf,jlz6uoj,jmw5rsi,jom6ovf,jt5luv4,k004i25,jzzv28y,k10s9kn,k8yhx97,k9x519i,kav7da2,kbu9z3l,kds3mi2,kdrvl4e,kixcjrn,kixbilv,kix9301,ku94kmq,kxfnw97,lm5rrih,lm5pu2f,lnabuns,loekck0,lqnjrxt,lrrcj39,lrrcg4w,lsvvb6b,lsvrxtz,lys3cgz,lzwidsz,m26ybld,m3bfbi5,m4e92us,m80vkff,malfnx1,mald1wl,mfn5i4q,mgw5jht"
Jinbe,"jbyf1oe,jgi6jz4,jgi294x,jic3m88,jk5adsa,jqeu5jd,js8243b,js7z7tc,jxzqmml,jyzhlet,k20vvnu,k40qm6t,k508g4w,k9wwv5w,kerrwm5,kerretp,kix6aye,kix5ls7,kix53as,kix45yy,kix3xdy,kr0ri5l,kt6lk6d,kzka0xx,kzk8xzt,kzk8sau,lpj3yap,lpj0g4c,lu1r5rj,lv81otg,lv80crz,lwga6b3,m12fc2m,m275z00,m4e92us,m9b6ono,mfnfrx8,mgw4oli"
Jesus Burgess,"jbyf1oe,jbyezfn,jqexb16"
Laffitte,"jbyezfn,jbyeust"
Catarina Devon,"jbyeust,jgiirp9,k9x6kze"
Van Augur,"jbyeust,jgiirp9,jgigsxe,k9x46bp,k9x3vyc,k9x2b03,k9x03z7,k9wwbeo,kpysxbl,kpyspx1,kpyq0em,kpyptdi,kr0yysj,kxfgcz7,mfn9qdj"
Queen,"jbyeuov,jeov56n,jflox6o,jl29po8,jl293tl,jlz4afb,jlz3v23,jlz372e,jt5jn1c,jv275yc,jyzhz0r,k20xrxd,k317vbc,k5zxrv6,k5zxned,k5zwq1t,k5zwi86,kfq3061,ks3fk5j,ku96fay,ku92zg9,ku90yif,kzkj3s5,kzkgnff,kzkbh3c,kzk8cbx,kzk83id,lu1obrn,lv81r89,m4e36ya,m80xnlz,m9bam1r,medvy69,mfngvfp"
Sabo,"jbyeisg,jcuv6ab,jcuuhxg,jcutjaf,jj8ro7a,jj8rcif,jj8r6z5,jj8piyt,jj8obdo,jj8nzte,jk54gn1,jmw54k7,jnt8ly4,jphy5vv,jphvgoh,jphvbvi,jphu4up,k10rl5f,k20vzkz,k8ygb6j,kerstof,ks3tdlh,ks3lsx3,ks3lk33,ks3eyla,lm5i1o8,loel53z,lrr8pbm,lv7x47q,lwg8gys,malfz1q"
Holy,"jbye6it,jflqbcn,jj8r6k7,jj8qvel,jj8qo34,jj8pxxh,jj8oyfw,jj8okyd,jj8ofez,jj8odmv,jk5dsyy,jmw4gh2,jphxgr1,js7yxm4,ju3qadi,jx12utj,jx0zae2,k6zkyaq,k7ymrlx,k7yjsc8,k8ybm7o,k9x3vyc,khuob0q,kowux8m,ks3g0i4,kxfc17r,lm5qas7,lnaiuhq,loeksow,lwgeltv,lwgb1pd,m12kwxi,m3belgy,m5kb3ut,m5k6bqf,m80y49k,m80uj0a,m9b13xz,mbvt6l3"
Boa Hancock,"jbye1ms,jcus3wo,jt5ls4a,jt5h3ev,kpyy37f,kpyw7uw,ll0zdpu,ll0zclu,lm5i1o8,lpj0usk,m27cgr2,m3biqn7,m4e56bg,m811moc,m810ple,md49s8c,medyxhq"
Urouge,"jbye145,jgic6nl,jic8uoz,kav56at,kav4o41,kjzljq7,kpyq0em,kxfp1q5,md44bi9"
Monkey D. Dragon,"jcuuhxg,jdrvlxr,jdrv5i8,jflqfka,jgijjmm,jgi5w28,jgi5r0o,jgi0423,jic8twx,jj8qyj4,jj8obdo,jlz78fh,jom508b,jphvf9n,js7z73u,jt5luv4,ju3p6j4,jv2bjhg,jv2aei1,jv2793o,jv273qk,jx13t2x,jx12ldy,jyzcxif,k0027sj,k10cemj,k20vzkz,k40yxbk,k6zbfp4,k7yll7d,k8ybz38,k8yb3es,kav8srm,kav77tq,kdsdhla,kdroe2x,kerrfuz,kerpik0,kfq9z58,kgrmehx,kgrko9l,kix46ld,kr102m6,kr0v7mk,ks3lk33,kwdjdly,kwdhjjb,kwdf6x1,kyi5qc7,kzkg7te,kzkewip,lirb6kk,ljwbzpt,ljwbrov,ljw9muc,ljw930p,ljw8gue,ljw6ujj,lm5q2mo,loen95o,lsvub0k,lv7zixg,lv7xoys,lxmt845,lxmsuy7,lxmkbau,lys4c2n,lzwo9uy,lzwm7xx,m12hu0u,m27iow5,m3biqn7,m3bhq5k,m5kdxus,m5kdupg,m5kb3ut,m5k95zu,m80tx7x,m9b3rpu,malit2f,malique,malfnx1,malf887,mbvt6l3,mbvqfr0,mbvq425,mbvnfcc,md49s8c,md4030o,medusis,mfneykm,mfn56pc,mfn521o,mgw8y13,mgw83fq,mgw5fmn,mgw177l"
Emporio Ivankov,"jcuu0wn,jyzgins,lirbfwb,m12gre0,m27i3eu"
Fujitora,"jcutx68,jdrujkc,jeote0m,jflranq,jic3m88,jj8piyt,jj8odmv,jj8o6j9,jmw6fe4,jmw68si,jmw54k7,jmw4gh2,jrb69xv,jrb4fq1,k9wwv5w,k9wutup,k9wto2m,kfq1cef,lwgajm3,lwg81ti"
Dracule Mihawk,"jcurf94,jcur80x,jcuqkhg,jcuqa5k,jcuoqpv,jds0oll,jdrx0d3,jdrutwo,jgi5r0o,jgi3ay0,jhfcxj9,jic6gy7,jic5z08,jic5qec,jic2vbr,jic1bqy,jj8oyfw,jj8okyd,jj8ojdz,jk5bu8m,jk55h1o,jk53tj2,jlz89bq,jlz7cxl,jlz78hg,jlz6io3,jlz3ye8,jlz3vf6,jlz2wtl,jlz2a7i,jnt769g,jnt53ct,jom7kh5,jqex45h,jqex1qa,jqeuukm,jraybmi,js7zins,jt5g831,ju3rsej,jyzjskt,jyzcxif,k003irj,k31ceaw,k601ihm,k600yjy,k600ifp,k5zy166,k6zkyaq,k8yfuzw,k9wwv5w,k9wutup,kavbm3n,kavakk0,kav8srm,kbudsjl,kbu8k6s,kcso35h,kcsn70d,kcsldl0,kcsii7b,kcshrn7,kcshbn0,kcsfyoa,kerrn6t,kfqdr3d,kfq3l35,kgrmehx,kgrfn1r,khukvu7,kixbkze,kix9j1f,kr0z01s,kr0val2,ks3s185,ks3oa8c,ks3mk8l,ks3jm6r,kt6ohtx,kt6obvo,kt6mooz,kt6me23,kt6lyb9,kt6kosz,ku96j5u,kvbbssr,kwdm038,kxfplyw,kyiao7q,lirbfwb,lir0yi4,lir0265,liqz32z,liqypw2,liqy4oc,liqwe9d,liqwe66,liqv0n3,liqqvlm,liqqh9o,liqqel7,liqqdxg,liqp995,liqoxfu,liqkbho,liqjeff,liqip60,ll10mj8,lpj5y51,lpj4msa,lpj41p4,lpj3kuu,lpj3cm4,lpj1vnd,lpizbfz,lu1pzp5,lv82kr9,lv80crz,lv7z0q1,lv7yuh9,lv7wai5,lv7tc5a,lv7s16u,lv7pgdd,lv7oxnj,lxmly4d,lys7h50,m5k6cbb,m9b3rpu,m9b25sv,m9b1skh,medyrjb,medvugv,medu0qy,mfncgvt,mfn87f7,mfn7x05,mfn51ye"
Yamato,"jcupguf,jeoy1ty,jgi7pal,jhfccjj,jhfbo46,jhfbi0v,jhfbdz2,jhfb9wb,jj8nzte,jk5adsa,jk58qwg,jl29n09,jl26o1l,jom762w,js837et,js82x1h,js81qtz,jyzhv7l,jyzhlet,k005r3f,jzzz4tw,k3119a3,k509c8w,k7yr5q2,k7yo3ep,k7ymic7,kav2nvs,kbubi3o,kern1n0,khuo0fl,kjzgfq0,kwde9ta,kwdd34b,ljw8gue,lm5rrih,lnag7bk,lnaft8o,lnae84j,lnacdzb,lpj0qq6,lu1s3ut,lv7y7lj,lv7wqqi,lv7thd1,lv7qxef,lxms4y3,lxmqk0r,lxmk3cw,m3bkxjj,m4e3to8,m9b6eus,maldyu1"
Arlong,"jcunuio,jic83ky,jic74cm,jic66ey,jnta4ej,jnt7ork,jqes86o,jt5kd1o,jv2c86g,jzzv394,k10s3qv,kerrujh,ku97vsc,lir9l2s,lm5qy2x,lm5qlnt,lpj96wl,lpj4mmj,lwgdcrn,lwga4wu,lwg9ent,lys0o8h,lys0hox,m12f40d,m279yoq,m27753d,m275z00,m3bfs84,m5k9uw9,m6sb9i7"
Eustass Kid,"jcunhpl,jdrzhat,jdrv66z,jeoxeur,jeox0wf,jeowjxq,jeov5ky,jeoujdc,jeotdkz,jeoskz5,jeosiky,jgikvuy,jgik8cz,jgi7o3c,jhfbo46,jhf9kzn,jj8ruvw,jk5dsyy,jk5ay7o,jnta4zy,jphyllu,jphy5vv,jphxrk8,jphxa4c,jphwvs0,jphvxru,jphud54,jphu4up,jqeu9eh,jraxln9,js83yud,jv2c5ge,jv275yc,jzzxmua,k314tv3,k601ihm,k6018r3,k600yjy,k5zu58j,k8ymmte,k8yfmlf,k8y9vg2,kfqetwu,kgrhqj3,khukgxb,kpyysdp,kr0uxq1,kwdkbq7,kwdfubi,kwdf2qp,kwde9ta,kwde5qp,kxfp1q5,kyi4gs4,lirc931,liqypw2,ljwab4f,ll10oea,lm5nimc,lnajxcf,lnaft8o,lnaewgb,lv7xzsw,lwgdho8,lwgaei5,lys62k4,lzwtocj,lzwr2lb,lzwkr7z,m12mb0q,m12le6d,m12i8ko,m12heri,m3bmbfh,m3bemv9,m6s5leh,m9b6eus,malit39,malique,malhlq4,md41qar,medysb7"
Aokiji,"jdrzi6r,jdrujkc,jfloc52,jflny45,jflny45,jhfd72u,jhfadxj,jic1n03,jj8rbqm,jk59vcp,jnt9pe6,jphxvwg,jphx0kz,jphvcq1,jqexcgr,jqex74p,jqex1qa,jqewpde,jqesyoa,jqesb9a,jqerreo,jqerq13,js842bx,js82x1h,js7zisb,ju3pkwk,jx122qf,jx0xziv,jxzsgfb,jyziz0c,k2128ks,k20zyx6,k20wz2b,k20vzkz,kerpplk,kgrpdsb,kgrl6ax,kgrisfb,kgribjb,kgrhic6,kgrfz7o,kix9avq,kix8lls,kowoftd,kpyunbf,ku97jof,ku96j5u,kvbfoo2,kvbcwld,kyi978u,lircdvn,liraf6o,lir8uhd,ll15ay5,lm5pu2f,lm5mdsq,lnaixba,lnairjy,lnac2a9,lqnq06t,lqnjs28,lrr8zwg,lwgcyfn,lwga4wu,lwg8gys,lxmk3cw,lzwpur2,m27753d,m4e4p18,m9b9kvz,medusis,mgvzomk"
Charlotte Pudding,"jdrxy4z,k9x6uzj,lm5q375,maliyp2,medsln8,mgw4r77,mgw4i3z"
Killer,"jdrxe2h,jeoykh7,jeowx8k,jeov5ky,jflni0t,jhfclac,jhf98n6,jhf8smk,jhf8nnl,jk58qwg,jlz67ec,jlz5vxu,jlz384u,jxzrlgp,jyzcxif,k213qj9,k3197lm,k314tv3,k50ai9q,k601jfg,k600yjy,kcshbn0,kfqbpw3,kr0wuy3,kvbfogw,liqypw2,lwgdho8,lwgbi9q,lwg8gys,lwg6qmg,m9aztyq"
Rob Lucci,"jdrwwtz,jmw987u,ju3opry,jv29q3u,jv296a0,jxzszhd,jxzsdyl,jxzscqb,jxzs313,jxzs2y7,jxzq98c,jxzpjfv,jxzocyc,jzzw8v0,k10tpu6,k10p672,k40ts45,k8yoh00,kcshbn0,kerq4sb,kfqe4pv,kgrgcg2,kjzezyh,kjzepq4,kpys8su,kpypxf4,kr0z9rm,kr0tc0h,kr0rpsl,ks3pc4x,ku96j5u,kvbhwp3,kvbh55s,kvbfwaf,kvbfo6g,kvbfgk0,kvbf9s2,kvbf9c7,kvbe97a,kvba808,kxfmy9t,kyi9jwb,kyi8qrl,kyi5vil,kyi4j8c,kyi40qr,kyi0er3,kyi00tz,kyhzlo4,kyhzks5,kyhzjy0,kzkgzcx,kzk8cbx,liqk81m,ljw8nuo,lqnjjsa,lv81ok7,lv7y133,lwgdf1o,m80y49k,m9bam1r,mfn89q2"
Viola,"jdrumbc,k8yf762,k9wv26d,k9wuk1k,m12ivmt,m27753d,m275z00"
Kanjuro,"jdrumbc,jhf97b1,jhf90dv,k40ylvz,kavbj8h"
Raizo,"jdrumbc,k10n3mb,k40ylvz,k7yqrce"
Donquixote Doflamingo,"jdrumbc,jhf90dv,jhf8x9a,jj8p7se,jj8p3z7,jl299az,jt5kjo7,k40ts45,k40tbe0,k9x01bw,kpysxbl,kwdfubi,lv7s16u,lxmmsnv,m3bemv9,mbvmlkf"
Jaguar D. Saul,"jeoykh7,jphy6yd,jx14njh,jx13t2x,jx122qf,jx0xziv,kvbfvly,kvbfuf8,kvbfoo2,lqndv4w,m27i8e4,m26y7o6,m4e8cw8,m6senid,m6sdza4,m6sdxtw,m6sdcqv,m6sccbw,m6sanna,m6sami2,m6s998l,m6s8wk6,m6s8mq7,m6s7ydk,m6s7hdu,m6s6wih,m6s6qu7,m6s6834,m6s5xz5,m6s5lhk,m6s4pm4"
Helmeppo,"jeoykh7,jeov5ky,jfloyuc,lv814da,m80zqqc"
Nico Robin,"jeoykh7,jgiidip,jk5470p,jl26fme,jmw9107,jom4dh9,jphxfiq,jt5ls4a,jx13t2x,jx12ldy,jx122qf,k508j7t,k9wtcwu,kbuk4ac,kdsbnje,kerrwm5,kerrujh,kgrjuo4,kixcvn7,kix6aye,kix3xdy,kr0yfhc,kr0ri5l,ks3lxy2,ks3j3ab,ku987t4,kvbfuf8,kyi5vil,kyi00tz,kyhzjy0,liquilw,liqslnp,lm5i1o8,lm5elsn,lnahxp3,loekhx4,lpj96wl,lpj28mz,lrrcg4w,lrr8pbm,lwgdf1o,lxmpcvh,lzwgzk9,m27753d,m275z00,m4e4594,m5k74wo,m6sdnxj,m6sdcqv,m6sc8v2,m6sanna,m6sami2,m6s92mk,m6s7ydk,m6s7uwy,m6s6wih,m6s6834,m6s5xz5,m6s53nn,m811vc2,m80u3mz,m9b9jef,malofqf,mbvsf90,mbvo2lu,mbvnco4,mbvmbn9,md45szb,mfndnpd,mgw4r77"
Kalifa,"jeoxpc2,m12hsjp,m9b9jef"
Marco,"jeote0m,jflox6o,jnt7euh,jphx8d2,jphuk2w,jrb4247,jxzq1tn,k5zvfri,k7ypa20,kvbfogw,kyi4uy9,kyi26up,kzkcro0,kzkc2kg,kzk8ln1,lm5p6xn,lm5lau0,loekck0,lzwpur2"
Vista,"jeote0m,jic88ly,jic5qec,jic15fe,js7zins,jyzcxif,k003irj,k600yjy,k600qwk,k600ifp,kavakk0,kav96ww,kav8srm,kpyuns4,kr0val2,kt6ooje,liqpcwx,loejzl5,lpj5y51,lv7yuh9,md42exe,md3w0kt,medrjrj"
Brook,"jeos1e0,jk5cl27,jk5btld,jk59j7n,jk549zy,jk53s3d,jnt6cy1,js7yzje,k20z140,k20vvnu,k7yo3ep,kerrwm5,kix9bxy,kix6aye,kix53as,kix4g77,kix45yy,kxfbjnh,lm5nimc,lpj96wl,lpj0g4c,lqnlfhn,lv81otg,m80wzum,m80vcn1"
Franky,"jeos1e0,k215v08,k20vvnu,k9x0vtg,kerrwm5,kfq45x8,kfq06av,kix6aye,kjzetny,kjzdth4,kpysb52,kr0ymsb,kr0ri5l,kt6l33m,kxflyn5,kxfl1v9,kyi40qr,lv81otg,lxmpcvh,lys6fqs,m80ueyx,m80ovd3,md45szb,medtvmu,mfnfrx8,mfndnpd"
Garp,"jflr4qg,jgidau2,jgiabun,jic1n03,jj8rbqm,jk573xp,jl268dg,jlz78hg,jlz6uoj,jlz6io3,jlz5y1g,jntabal,jnt9pe6,js84cdz,js84bc6,js83a44,js82xc2,js82x1h,js82p4p,js81phw,js81o3w,js80ch6,js7zisb,js7zd71,jt5lhld,jt5hefk,ju3r2l7,ju3pkwk,jw1c66x,jw18khi,jx12e6s,jxzpuo0,jyzgr77,k004i25,k003a6r,jzzyjt2,k10pete,k10is7d,k20zyx6,k8yoh00,k8ybz38,k8yb3es,kbukwjd,kcsk5l0,kfqf7p2,kgrpdsb,kgrmdo5,kgrjgde,kgrisfb,kgribjb,kgrhic6,kgrfz7o,kowwaym,kowta3b,ks3tdlh,ks3n3g3,ks3lwxh,ks3lsx3,ks3lk33,ks3i8hn,kt6maac,kt6lyb9,ku91jen,ku915aq,kyi7o7d,liqoqer,ll117sr,lm5pu2f,lqnq06t,lqnjs28,lrrcj39,lrravea,lrr8zwg,lsvt3x3,lxmsdzg,lxmqmsj,lxmnbe2,lxmkbau,lxmk3cw,lzwuhnr,lzwnryh,lzwidsz,lzwiblx,lzwheya,m12mnwm,m12lag6,m12fuks,m26yt1l,m6s58mx,m9bam1r,mbvmlkf,mbvli60,md3vzix,medwwzf,medv0tb,mgw5fmn"
Koby,"jflpqq5,jflp8yy,jflolla,jflocul,jnt5llp,jphwiuc,js81jin,jyzjqoy,jyzhc33,jyzgr77,jzzyjt2,k20vzkz,k9x519i,k9wuet0,kav762z,kcskjpk,kcsjn7d,kcsiwiz,kgrmdo5,kgrl6ax,kgrisfb,kyi978u,lirbzoh,liqoxfu,lm5ppia,lrrdzqj,lu1wxaj,lv7wg5v,lv7tcq8,lys6ujm,m5kbzwk,m5k8ptw,md49k98,md45mhz,md449th"
Sengoku,"jfloc6x,jflmrsz,jj8obdo,jk58tfu,k8ybm7o,kjzifkj,kjzetny,kowta3b,ks3tgnv,kwde9ta,lqnjrxt,lv81ok7,lv7zixg,lv7y133,lzwidsz,m12mnwm,md3xpyi,mgw4p6z"
Usopp,"jflnkj2,jl26mgl,jlz6oh6,jlz4fs8,jmw8ws1,jmw585r,jom7b82,jom73bo,jrb1bxm,jraxerb,jt5jajx,jt5fqu7,ju3r79a,jv29q3u,jx151ri,jx10bd3,k215v08,k20vuor,k507s8u,k7yqih5,k7yqe9x,k7ypjff,k7yph5a,k7ynhir,k8ygvn3,k8ydlp4,k9x6kze,k9x46bp,k9x3vyc,k9x2b03,k9x03z7,k9wwbeo,kerq3qw,keroj11,kerjpr8,kfq3xh5,kgron9g,kgrinfd,kpyv7kx,kpyuemb,kpyspx1,kpyqvey,kpyptdi,kr0tyty,kr0stnk,ks3kavl,kt6m5ep,kt6lupw,ku9ba5k,kwdhq4b,kxflqgy,kxfi074,kzk94ii,ll14lwi,lm5rjwp,lqnlfhn,lqndqxp,lsvtt7u,lsvtpy9,lu1tvku,lwg8kmx,m5k8jo6,m6sdcqv,medxwd1,mfn5i4q,mgw33iy"
Pica,"jfln45k,kfqbpw3,ku91jen,kxfq6h9,lqndx2f,mbvmlkf,mbvlerm"
Caesar Clown,"jgik9p4,jgi2irq,jlz85v9,kavbaq1,lxmmsnv"
Bellamy,"jgifd0w,jyzd0pl,k6zfz36,lwgcgvn,m3bemv9"
Donquixote Rosinante,"jgi7tug,jhf97b1,jx14njh,jx0yuki,m12fmu6"
Shirahoshi,"jgi7pal,k508g4w,lm5elsn,lrr83u1,m810ple"
Fukaboshi,jgi7pal
Charlotte Cracker,"jhfdxa6,jhf9kzv,jhf8otv,jic8uoz,jnt9ui8,k213u5c,kpyu4ft,kpysxbl,ku92cxc,kzklh60,liqmy92,mgw4p6z"
Kawamatsu,"jhfdo4j,jhf90dv,k40ylvz,lm5lhg8"
Richie,jhfd9n2
Buggy,"jhfd72u,jic70cq,jic6zew,jic6zew,jic3yk4,jic3hdn,jic13yn,jk5dsyy,jk55uhi,jl29i5s,k602n1z,k6zfz36,k8yfuzw,k9wwv5w,kav8srm,kbuke80,kcso35h,kfq5odi,kfq3l35,kgrfn1r,kr0zuya,ku91c79,kxflqgy,kyibpky,kyi71sc,lir0yi4,ll15ay5,ll116lw,ll10mj8,ll0yuf8,loekurq,lv7z0q1,lv7tymg,lv7tr6j,lv7oxnj,lwg7qyu,lzwm219,m6s85g2,mfngw77,mgw30b2"
Edward Newgate,"jhfd72u,jhfb9wb,jhfadxj,jic3m88,jk5bgrz,jphxrk8,jphwv4z,js83bxp,js82p4p,jt5luv4,k004i25,k003a6r,k5zxrv6,k9x2j9u,k9wyzzc,kcsfuby,kfqdr3d,kfq3061,kt6me23,kt6maac,ku95hqr,ll15ay5,lpj3kuu,lqnjrxt,lrrcpxm,lsvso7h,lsvrxtz,lxmnbe2,lzwuhnr,lzwu6xs,m4e4p18,m80ys0r,m9b6ono,mgw70fe"
Vergo,"jhfclac,kerse1v,kerretp,lrr9swf,lrr9o7s"
Enel,"jhfc0rg,jhfa3ml,jhf9tff,jrb27s7,jrb05fx,jw1e2mf,jw18khi,jx17lkb,jx140m9,k5zx49d,kerq11y,kixbilv,kpyw6jl,kr0v1bd,kr0ugoa,kr0t3oj,kwdezpe,kzkf0e2,kzke7fu,lpjac41,lqnjson,lys0lvy,m3bemv9,m9bam1r,m9b9ntj,m9b89v0,m9b88je,md3xorl,md3vjdr"
Bepo,"jhfbsfk,jic19mu,jom403l,k315zas,k50dc4m,kvbfogw"
Jack,"jhf9kzv,jhf90dv,k000ikk,k211gts,kpyysdp,kzkjekv,kzkicns,loeopv1,lu1r55v,m4e8lqw,mgwatrq"
Kuro,"jic66ey,kfqef3y,kfq8g3x,m3bemv9,mfn9qdj,mfn7x05"
Tony Tony Chopper,"jic5r71,jk53s3d,jom5pn0,jom3uec,jom3n5f,jphx8d2,jqevo0w,jt5jajx,ju3ny00,jx0yu7u,jzzyl68,jzzw83q,jzzvpkf,k2103vc,k50govr,k50dc4m,k7yiz6g,kcslgu3,kerrwm5,kerjpr8,khumr49,kix9bxy,kix6aye,kix53as,kix45yy,kix3xdy,kjzcdr4,ks3rmnv,kxfpho8,loekhx4,lpj96wl,lqnjust,lu1qm8t,lxmpmnn,md3vfgf,mfndnpd"
Rocks D. Xebec,"jic3m88,jnt5yzy,js83bxp,k003t13,jzzv394,k10tmb7,k10cemj,k6zfz36,k8ymvx4,k9x71lz,k9x6lfi,k9x519i,kfqdmlm,kgrnfp8,kjzdwbw,kr0tb07,kt6maac,kt6lyb9,kvbcwld,lm5gsek,loekurq,lpj4ad8,lsvtu6q,lxmskia,m12fuks,m4e9tcn,malo98d,mbvl2ky"
Crocodile,"jic1n76,jnt7776,jqet1t1,ju3rsej,jv2c86g,jzzw8v0,kbudsjl,kfq5odi,kgrfn1r,kpyw6jl,kr0yfhc,kr0rpsl,kwdm12n,kwdm038,lir9l2s,ll10mj8,lm5i1o8,lv7z0q1,lv7tc5a,lv7oxnj,lwg9ent,lwg6x5d,m12i0zl,m6sbv3v,mfn7msj"
Nefertari Vivi,"jj8qwcd,jom6hqg,jx140m9,kern1n0,kfqcc3i,kzkcvx9,ll12hav,lm5ppia,lm5nu4n,lm5i1o8,m80tk84"
Bartholomew Kuma,"jj8qo34,jt5kb71,ju3tpbj,k10s4ag,k40yh93,k40y5tq,k5ztyz4,k8ybz38,k8ya04r,k9wwv5w,kbubi3o,kdsd8el,kerse1v,kerpmc1,kern1g5,kerkpr4,kerk01v,kerjzc7,khuhxf3,kjzgx4t,kjzetny,kr0vt1w,kvbcqna,kyi40qr,ll15ay5,lm5ppia,loekhx4,lxmsdzg,lxms44k,lxmon48,lxml6rh,lxmkbau,lxmjsl5,m27753d,m275z00,m3bmqr9,m5k8qut,m6s6qbp,malfnx1,md49s8c"
Tashigi,"jk5drq8,kpyygly,kpyw9ho,kpytlqh,lrr90aq,lv7tyju,lv7q7as,lzwl34a,m4e5ycp,medsln8"
Apoo,"jk5btld,k7yo3ep,kerrwm5,kjzljq7,md40wzu"
Gecko Moria,"jk5bhbc,jzzw8v0,k9x519i,k9wxqnx,k9wwv5w,k9wvhtz,lm5qsqg,lm5mm4l,lpj1vnd,lys7956,mfndmc6,mfn8qym"
Sugar,"jk5bhbc,jl268dg,jlz3rp0,kix8aju,kt6p51n,mbvmlkf,mbvlerm,mgw818c"
Sandersonia,jk59vcp
Silvers Rayleigh,"jk53tj2,jt5h3ev,jzztngr,kbuefsn,kdrvl4e,kvbgtug,kvbcwld,kvb7z8i,lm5i1o8,lpj1o0y,lpizk6p,m12mb0q,m12hu0u,m9b5gbs,maldmk9,mbvoylw,mbvolxd"
Ryokugyu,"jl29hij,jphy00s,k6zi8n8,lwg7m67,m3biik6"
Perona,"jl291t2,k6zll2x,kfqckeq,lm5qsqg,medvy69,medvmri"
Kokoro,jl26oe5
Ryuma,"jl26mps,jyzcxif,kav8srm,kfqbpw3,kixcyuq,kix9ibq,kix6ofw,kix4lig,kix46ld,lu1pzp5,md3y0bj"
Kaya,"jl26mgl,kfqef3y"
Rebecca,"jl260g2,kav28r0,kcst0s0,khuizgs,kxfjwfb,kxfgcz7,lm5ppia,lm5elsn,lv81r89,lv7tzp0,m4e5ycp"
Capone Bege,"jlz6tx0,kjzljq7,loeny96,lpj96wl,md41ck2,md40wzu,mfnh1z3"
Magellan,"jlz2qgi,jzzz4tw,khukvu7,lpj5x3f,lys2x28,mfn73ou"
Cavendish,jmwa13y
Drake,"jnt9jgm,jyzepsy,k40r6rv,k50ai9q,kjzljq7,m275z00,md40eil"
Smoker,"jnt8grc,jnt5pic,jom5xqh,jrb27s7,jrb0sib,jrawsch,jt5krmb,jv285zb,kdsbvzy,kt6kglz,lir9l2s,lv814da,lv7wpd8,lv7tyju,lzwm7xx,lzwl34a,m80sy4f,m9b5gbs"
Jozu,"jnt7bdr,kyi6x6c,lnacbdd"
Merry,"jom7h8i,kerqxja,kerq3qw,lys2m6v,mbvq425"
Yasopp,"jom5c46,kpyxoy1,kyi46se,lwg7x6d,lxms44k"
Koala,jphvbvi
Alvida,"jqewd8d,jyzfdbz,jyzcrjp,kfqef3y,kgrfn1r"
Tsuru,"jrb1qe2,k9wv8ix,kpys5ox,ku90s6u,m12mnwm"
Squard,js83yud
Coby,"js8334s,jt5j9zu,jt5h3ev,jx0xk3h,k9wuk1k,kgrjgde"
Camie,js7yzje
Cabaji,ju3rsej
Blueno,"jv2bdtv,kyi5nh8"
Kaku,"jv29q3u,jxzs8hb,jxzs2y7,kerq4sb,ku96j5u,kvbfgk0,lwgdf1o"
Pedro,"jx176ta,m4e5ycp"
Jango,jyzjf2a
Sai,"jyzhz0r,k8yaec9"
Riku Doldo III,"k10mweq,kav28r0"
Sogeking,k215v08
Carrot,"k20zmc1,k50eb0a,k50dc4m,k50bjbe,k50agfe,k508wj9,ks3fhgs,loep1eb,loekln8,lv7tftm,lxms4y3,m4e5ycp"
Hatchan,"k40zhg7,lv81otg"
Wapol,"k40ylbz,k40vnww,k8ykbbx,m6sczbr,m6sb9i7"
Hody Jones,"k40tbe0,lpj4mmj,m12gxah,m12f40d,m9b4a4o"
Hawkins,"k50ai9q,kjzljq7,mgw4r77"
Makino,"k7yqvc6,kgrjlkn,lwg7uvx"
Iceburg,"k7yoi06,lys7956"
Hack,"kcsl1iu,kfqcc3i,kfq7ce6,kjzdk7m,m3bgncj,m6sc8v2,m6s6h93"
Chess,kcshi4n
Mohji,kgrfn1r
Chouchou,kjzg5d8
Charlotte Smoothie,"kjzegib,kjzdk7m,kjzbvyq,mbvks1k"
Wyper,kr0v1bd
Charlotte Linlin,"ku96j5u,ku93w9t,m12hvmj"
Absalom,"kvbbwxl,kxfnbpg"
Clou D. Clover,"kwdigw2,lpj9y7g"
Kyros,"kxfjwfb,lm5elsn,lv81r89,m4e5ycp"
Nefertari Cobra,"kxffs38,lm5nu4n,lrr8pbm"
Monet,"lm5nimc,lv7wai5,lv7tyju,lv7s16u,lv7q7as,m279vb1,m4e5ycp,m810ebt,mbvmlkf"
Gin,"lnaitaf,m4e8cw8"
Bell-mère,"lnaewgb,m12f40d"
Spandam,lv81ok7
Mont Blanc Noland,lxmnqr3
Otohime,"lys4c2n,m12f40d"
Cp9,"m12i7wt,md40p00"
Denjiro,m4e5ycp
Wanda,m4e5ycp
Hasami,m5kbomu
Dellinger,"malk8v3,mbvlerm"
Ohm,mbvoylw
